Parent,Node,Branch.length,Label,Confidence,Sample_id,Host,Host_group,Host_type,Collection_state,Year
integer,integer,numeric,character,numeric,character,character,character,character,character,date
59,59,0.0,Internal-64,NA,NA,NA,NA,NA,NA,NA
59,35,0.0133370634,3101259_749278,NA,3101259_749278,Black bear,Other mammal,Mammalian,North Carolina,2024
59,111,2.6808e-06,Internal-2,NA,NA,NA,NA,NA,NA,NA
111,39,2.9015e-06,Internal-3,NA,NA,NA,NA,NA,NA,NA
39,102,1e-06,Internal-4,NA,NA,NA,NA,NA,NA,NA
102,113,1e-06,Internal-5,NA,NA,NA,NA,NA,NA,NA
113,57,1e-06,Internal-6,NA,NA,NA,NA,NA,NA,NA
57,109,0.0002068876,Internal-7,NA,NA,NA,NA,NA,NA,NA
109,30,0.0006215665,Internal-8,NA,NA,NA,NA,NA,NA,NA
30,7,0.0008290536,Internal-9,NA,NA,NA,NA,NA,NA,NA
7,76,0.0010258843,Internal-10,NA,NA,NA,NA,NA,NA,NA
76,98,0.0014404886,Internal-11,NA,NA,NA,NA,NA,NA,NA
98,19,0.0032979585,Internal-12,NA,NA,NA,NA,NA,NA,NA
19,47,0.0029564146,Internal-13,NA,NA,NA,NA,NA,NA,NA
47,117,0.0014582336,Internal-14,NA,NA,NA,NA,NA,NA,NA
117,26,0.0017630887,Internal-15,NA,NA,NA,NA,NA,NA,NA
26,72,0.0074034399,Internal-16,NA,NA,NA,NA,NA,NA,NA
72,22,0.0007137252,Internal-17,NA,NA,NA,NA,NA,NA,NA
22,55,0.0005084273,Internal-18,NA,NA,NA,NA,NA,NA,NA
55,65,0.0006143391,Internal-19,NA,NA,NA,NA,NA,NA,NA
65,21,0.0004089498,Internal-20,NA,NA,NA,NA,NA,NA,NA
21,90,0.0028388604,Internal-21,NA,NA,NA,NA,NA,NA,NA
90,64,2.7341e-06,Internal-22,NA,NA,NA,NA,NA,NA,NA
64,41,2.8434e-06,762140-OP,NA,762140-OP,Horned grebe,Other bird,Avian,Virginia,2024
64,61,0.0012849308,762143-OP,NA,762143-OP,Horned grebe,Other bird,Avian,Virginia,2024
90,103,0.0004334549,Internal-23,NA,NA,NA,NA,NA,NA,NA
103,31,0.0013074855,762141-OP,NA,762141-OP,Horned grebe,Other bird,Avian,Virginia,2024
103,115,0.0026043608,762142-OP,NA,762142-OP,Horned grebe,Other bird,Avian,Virginia,2024
21,88,2.386e-06,Internal-24,NA,NA,NA,NA,NA,NA,NA
88,116,0.001230366,3101261_749191_E1,NA,3101261_749191_E1,Ross's goose,Goose,Avian,Kansas,2023
88,87,0.0035430901,3101240_750551,NA,3101240_750551,Red-tailed hawk,Raptor,Avian,South Carolina,2024
65,127,0.0026941587,3101266_749259,NA,3101266_749259,Wood duck,Duck,Avian,South Carolina,2023
55,13,2.2078e-06,Internal-25,NA,NA,NA,NA,NA,NA,NA
13,67,2.9824e-06,Internal-26,NA,NA,NA,NA,NA,NA,NA
67,106,2.4211e-06,Internal-27,NA,NA,NA,NA,NA,NA,NA
106,51,2.7072e-06,Internal-28,NA,NA,NA,NA,NA,NA,NA
51,86,0.0106195866,3101257_749274,NA,3101257_749274,Bald eagle,Raptor,Avian,South Carolina,2023
51,96,0.0003744535,Internal-29,NA,NA,NA,NA,NA,NA,NA
96,16,0.0018875318,761880-OP,NA,761880-OP,Mountain lion,Other mammal,Mammalian,Nebraska,2024
96,4,0.0023906319,3101251_749255,NA,3101251_749255,Red-tailed hawk,Raptor,Avian,Kansas,2023
106,2,0.0037878825,3101271_749133,NA,3101271_749133,Snow goose,Goose,Avian,Kansas,2023
67,48,0.003062878,3101265_749256,NA,3101265_749256,Great-horned owl,Raptor,Avian,Kansas,2023
13,81,0.0005118334,Internal-30,NA,NA,NA,NA,NA,NA,NA
81,40,0.0018655695,3101272_749187,NA,3101272_749187,Snow goose,Goose,Avian,Kansas,2023
81,12,1e-06,Internal-31,NA,NA,NA,NA,NA,NA,NA
12,122,0.0035135782,762144-OP,NA,762144-OP,Peregrine falcon,Raptor,Avian,Virginia,2024
12,95,0.0015393616,3101263_749194_E1,NA,3101263_749194_E1,Snow goose,Goose,Avian,Kansas,2023
22,34,0.0037920588,Internal-32,NA,NA,NA,NA,NA,NA,NA
34,126,2.503e-06,Internal-33,NA,NA,NA,NA,NA,NA,NA
126,84,1e-06,Internal-34,NA,NA,NA,NA,NA,NA,NA
84,80,1e-06,Internal-35,NA,NA,NA,NA,NA,NA,NA
80,54,1e-06,Internal-36,NA,NA,NA,NA,NA,NA,NA
54,120,1e-06,Internal-37,NA,NA,NA,NA,NA,NA,NA
120,125,1e-06,Internal-38,NA,NA,NA,NA,NA,NA,NA
125,6,2.7409e-06,Internal-39,NA,NA,NA,NA,NA,NA,NA
6,20,0.0006378065,2024_USA_comm.milk,NA,2024_USA_comm.milk,Bovine,Bovine,Mammalian,Texas,2024
6,45,0.0002030698,Internal-40,NA,NA,NA,NA,NA,NA,NA
45,36,1e-06,760836-E1,NA,760836-E1,Bovine,Bovine,Mammalian,Ohio,2024
45,32,0.0019082713,761881-OP,NA,761881-OP,Bald eagle,Raptor,Avian,Georgia,2024
125,83,1e-06,Internal-41,NA,NA,NA,NA,NA,NA,NA
83,53,1e-06,Internal-42,NA,NA,NA,NA,NA,NA,NA
53,62,0.0002162976,Internal-43,NA,NA,NA,NA,NA,NA,NA
62,28,1e-06,Internal-44,NA,NA,NA,NA,NA,NA,NA
28,108,1e-06,Internal-45,NA,NA,NA,NA,NA,NA,NA
108,123,1e-06,760707-E1,NA,760707-E1,Bovine,Bovine,Mammalian,Ohio,2024
108,94,1e-06,760803-E1,NA,760803-E1,Bovine,Bovine,Mammalian,Ohio,2024
28,8,1e-06,760908-E1,NA,760908-E1,Bovine,Bovine,Mammalian,Ohio,2024
62,17,2.3646e-06,Internal-46,NA,NA,NA,NA,NA,NA,NA
17,29,0.0004093083,760793-E1,NA,760793-E1,Bovine,Bovine,Mammalian,Ohio,2024
17,37,0.0039255573,864,NA,864,Bovine,Bovine,Mammalian,Ohio,2024
53,93,0.0002057689,760880-E1,NA,760880-E1,Bovine,Bovine,Mammalian,Ohio,2024
83,119,1e-06,760748-E1,NA,760748-E1,Bovine,Bovine,Mammalian,Ohio,2024
120,97,1e-06,761223-E1,NA,761223-E1,Bovine,Bovine,Mammalian,Ohio,2024
54,38,1e-06,760811-E1,NA,760811-E1,Bovine,Bovine,Mammalian,Ohio,2024
80,63,0.0002057377,760916-E1,NA,760916-E1,Bovine,Bovine,Mammalian,Ohio,2024
84,118,1e-06,871,NA,871,Bovine,Bovine,Mammalian,Ohio,2024
126,79,0.0002058177,760919-E1,NA,760919-E1,Bovine,Bovine,Mammalian,Ohio,2024
34,70,0.0002062493,869,NA,869,Bovine,Bovine,Mammalian,Ohio,2024
72,71,0.0027474382,3101262_749193_E1,NA,3101262_749193_E1,Snow goose,Goose,Avian,Kansas,2023
26,18,0.006733548,2023_USA_Chicken,NA,2023_USA_Chicken,Chicken,Reference,Avian,USA,2023
117,0,0.0023933889,Internal-47,NA,NA,NA,NA,NA,NA,NA
0,66,0.0087844521,Internal-48,NA,NA,NA,NA,NA,NA,NA
66,23,0.0213316719,3101253_749266,NA,3101253_749266,Raccoon,Other mammal,Mammalian,Kentucky,2023
66,114,2.1736e-06,3101258_749276,NA,3101258_749276,Bonaparte's gull,Other bird,Avian,South Carolina,2024
0,56,0.0232805857,Internal-49,NA,NA,NA,NA,NA,NA,NA
56,124,0.0049885406,2002_HongKong_Goose,NA,2002_HongKong_Goose,Goose,Reference,Avian,Hong Kong,2002
56,82,0.016682522,2009_Egypt_Chicken,NA,2009_Egypt_Chicken,Chicken,Reference,Avian,Egypt,2009
47,14,0.0393843137,3101255_749268,NA,3101255_749268,Canada goose,Goose,Avian,North Carolina,2023
19,104,0.014416736,Internal-50,NA,NA,NA,NA,NA,NA,NA
104,69,0.0094120177,3101254_749267,NA,3101254_749267,Raccoon,Other mammal,Mammalian,Kentucky,2023
104,5,0.0010116212,3101256_749273,NA,3101256_749273,Wood duck,Duck,Avian,Georgia,2024
98,105,0.0018517292,3101270_749272,NA,3101270_749272,Wood duck,Duck,Avian,Georgia,2024
76,100,0.0002042298,Internal-51,NA,NA,NA,NA,NA,NA,NA
100,91,0.001512357,Internal-52,NA,NA,NA,NA,NA,NA,NA
91,50,0.0019465263,Internal-53,NA,NA,NA,NA,NA,NA,NA
50,11,2.9526e-06,Internal-54,NA,NA,NA,NA,NA,NA,NA
11,89,1e-06,3101252_749265,NA,3101252_749265,Raccoon,Other mammal,Mammalian,Kentucky,2023
11,92,0.0006450011,Internal-55,NA,NA,NA,NA,NA,NA,NA
92,49,2.0754e-06,Internal-56,NA,NA,NA,NA,NA,NA,NA
49,15,0.0004111304,Internal-57,NA,NA,NA,NA,NA,NA,NA
15,58,0.0002198403,3101249_750561,NA,3101249_750561,Bovine,Bovine,Mammalian,Ohio,2024
15,112,1e-06,3101248_750560,NA,3101248_750560,Redhead,Duck,Avian,North Carolina,2024
49,60,1e-06,3101237_750561_E1,NA,3101237_750561_E1,Bovine,Bovine,Mammalian,Ohio,2024
92,107,2.5913e-06,3101236_750560_E1,NA,3101236_750560_E1,Redhead,Duck,Avian,North Carolina,2024
50,75,0.0010814758,3101250_750562,NA,3101250_750562,Mallard,Duck,Avian,North Carolina,2024
91,43,0.0027451874,3101244_750555,NA,3101244_750555,Canada goose,Goose,Avian,North Carolina,2024
100,44,2.4243e-06,Internal-58,NA,NA,NA,NA,NA,NA,NA
44,3,0.0002338511,Internal-59,NA,NA,NA,NA,NA,NA,NA
3,25,0.0006355412,Internal-60,NA,NA,NA,NA,NA,NA,NA
25,1,0.0026456518,3101267_749261,NA,3101267_749261,Wood duck,Duck,Avian,South Carolina,2023
25,85,0.0017749959,3101268_749263,NA,3101268_749263,Wood duck,Duck,Avian,South Carolina,2023
3,73,0.0014213732,3101269_749271,NA,3101269_749271,Wood duck,Duck,Avian,Georgia,2023
44,46,0.0016644068,3101264_749196_E1,NA,3101264_749196_E1,Wood duck,Duck,Avian,South Carolina,2023
7,121,0.0004159544,Internal-61,NA,NA,NA,NA,NA,NA,NA
121,27,1e-06,3101232_750553_E1,NA,3101232_750553_E1,Canada goose,Goose,Avian,North Carolina,2024
121,52,1e-06,Internal-62,NA,NA,NA,NA,NA,NA,NA
52,33,0.0009554899,3101242_750553,NA,3101242_750553,Canada goose,Goose,Avian,North Carolina,2024
52,77,0.0007410533,3101241_750552,NA,3101241_750552,Canada goose,Goose,Avian,North Carolina,2024
30,42,0.0006327082,Internal-63,NA,NA,NA,NA,NA,NA,NA
42,24,0.0002150648,3101247_750559,NA,3101247_750559,American white pelican,Other bird,Avian,North Carolina,2024
42,99,0.000632613,3101235_750559_E1,NA,3101235_750559_E1,American white pelican,Other bird,Avian,North Carolina,2024
109,110,1e-06,3101245_750557,NA,3101245_750557,Redhead,Duck,Avian,North Carolina,2024
57,78,1e-06,3101246_750558,NA,3101246_750558,Redhead,Duck,Avian,North Carolina,2024
113,74,1e-06,3101233_750557_E1,NA,3101233_750557_E1,Redhead,Duck,Avian,North Carolina,2024
102,10,1e-06,3101234_750558_E1,NA,3101234_750558_E1,Redhead,Duck,Avian,North Carolina,2024
39,101,0.0002214458,3101238_750825,NA,3101238_750825,Redhead,Duck,Avian,North Carolina,2024
111,68,0.0056656318,3101243_750554,NA,3101243_750554,Mallard,Duck,Avian,North Carolina,2024
59,9,0.0002118576,3101239_750826,NA,3101239_750826,Redhead,Duck,Avian,North Carolina,2024
